explanation,gpt_explanation,score,source
"Yes, to me a distributed system is just an advanced type of operating system. In the sense that an operating system needs to provide core capabilities that make building distributed systems possible.","Yes,operating systems provide the underlying platform and networking capabilities needed for distributed computing",0.17695473251028807,"https://www.quora.com/Is-operating-systems-a-prerequisite-to-learning-distributed-systems#:~:text=In%20the%20sense%20that%20an,%2C%20distributed%20file%20services%2C%20etc."
 Yes; IR’s algorithm mainly compares the query to the collection of sources with the scoring algorithm. The scoring algorithm is used to compute the relevance between the query and the document itself.,"Yes; Algorithms are necessary for information retrieval as they provide the tools needed to efficiently organize, sort, and compare information",0.13471680807154324,"https://towardsai.net/p/l/examples-of-information-retrieval-application-on-image-and-text#:~:text=One%20of%20the%20popular%20and,according%20to%20the%20query%20itself."
 Yes; Algorithms are necessary to create suitable data structures which are responsible for efficient database operations such as inserting deleting or modifying ,Yes; Algorithms are necessary for databases to ensure efficient and accurate data storage and retrieval.,0.3321428571428572,https://www.quora.com/Why-do-we-study-data-structures-and-algorithms-when-we-mostly-use-databases-and-its-queries-while-developing-an-application
Yes;Algorithms can significantly improve efficiency and performance in tasks such as reassembling lines into shapes and optimizing graphics.,Yes; Algorithms are necessary for computer graphics as they provide the instructions on how to create and manipulate graphics on a computer screen,0.23995826812728221,https://www.quora.com/Do-I-need-to-study-algorithms-for-graphics-development
NLP is a prerequisite for Computational Linguistics because it provides provides the necessary foundation and technologies for implementing and evaluating computational linguistics approaches.,"Yes; Natural language processing provides the tools and techniques needed to analyze and understand languages, which is essential for computational linguistics",0.26412133891213385,https://www.quora.com/How-is-computational-linguistics-different-from-natural-language-processing
"Understanding data structure will help you to better deal with OOP. OOP is based on splitting big structures into smaller ones, combining in logical order and providing necessary functions to deal with data",Yes; Object-oriented programming is necessary to understand data structure concepts as data structures are built upon object-oriented programming concepts.,0.20484273956496177,https://www.quora.com/For-understanding-OOP-Object-Oriented-Programming-is-it-necessary-to-understand-data-structure-first
The internet is a global network of interconnected computer networks that use the standard Internet Protocol Suite to link devices worldwide,Yes; Computer Networks provides the physical infrastructure needed to connect devices to the Internet Protocol Suite.,0.4309178743961353,none
Yes;System programming requires communication with the hardware of the computer and assembly language is used for executing the code for communication,"Yes; Assembly language provides a fundamental understanding of how computers execute instructions, which is an essential concept for system programming.",0.38627380524613725,none
"Yes; Computer networks are used in cloud computing. Cloud services rely on the ability to transmit data over networks. Networking fundamentals provide knowledge of how data is sent and received between devices, and how networks are set up and managed. ",Yes; Computer networks are necessary for Cloud computing as it provides the infrastructure for Cloud servers to connect and communicate with each other and with clients,0.25099989042296733,https://www.quora.com/What-are-the-prerequisites-before-taking-a-cloud-computing-course
"Yes; The usual order, as found in computer science curricula, is Discrete mathematics then basic data structures, then algorithms. That’s because discrete math can be understood without knowing any computer science, whereas algorithms depend on the knowledge of Discrete mathematics. ","Yes; Discrete mathematics provides the foundations for understanding the concepts essential for algorithm analysis, such as combinatorics, logic, and graph theory.",0.18260766119438496,"https://www.quora.com/Is-it-mandatory-to-learn-Discrete-mathematics-for-learning-Algorithms-and-Data-structures#:~:text=The%20usual%20order%2C%20as%20found,certainly%20depend%20on%20discrete%20math."
"Yes; Basics of database management systems, SQL, and data modeling is required to build a data warehouse",Yes; A database is necessary to store and organize the data needed to build a data warehouse,0.5104766675014609,https://www.quora.com/What-are-the-prerequisite-subjects-for-learning-data-warehouse-and-data-mining-Do-I-need-to-learn-basic-statistics-If-possible-can-you-give-me-a-guideline-to-learn-warehouse-and-data-mining
Yes; Operating systems include topics like multithreading which is also used in Computer Networks,Yes; Operating systems provide the underlying platform for networks and are responsible for managing network communications.,0.31633986928104574,None
"Yes; Artificial Intelligence can help in connecting information through cognitive decision trees, which are a set of predefined rules that help machines make decisions","Yes; Artificial intelligence provides the technology and algorithms needed for knowledge management systems to understand, interpret, and apply knowledge effectively.",0.18759689922480624,None
"Yes, one can not analyze algorithms without knowing the algorithm",Yes; Algorithms provide the necessary knowledge to understand the principles behind analyzing algorithms.,0.37402534113060426,None
Yes; Game Theory involves a problem which can be resolved by algorithms. One needs to find a mathematical model which can be resolved by a computer.,Yes; Algorithms are necessary for game theory because they provide a way to make decisions and solve problems efficiently,0.24493651421290802,https://www.quora.com/Whats-the-importance-of-algorithmic-game-theory-research
Yes; Software Project management requires a software project and software engineers,Yes; Software engineering provides the foundational knowledge needed to understand the principles of software project management,0.3836734693877551,None
Yes; Algorithms such as detection of a corner or a line are required in computer vision,Yes; Algorithms are necessary for computer vision as they provide the tools needed to process and analyze visual data,0.36687507372891354,None
Yes; Information security is about protecting the data and is part of computer security,Yes; Information security is a prerequisite for computer security because it provides the foundation of understanding needed to understand the principles of computer security,0.5142746913580247,None
"Yes; In order for a object oriented design analysis, one has to be familiar with the Object-oriented design patterns ",Yes; Object-oriented design provides the foundational knowledge needed for understanding the more focused topics of analysis and design.,0.2545604066985646,None
Yes; Algorithm is a prerequisite for parallel processing because the choice of algorithm can significantly impact the effectiveness of parallelization. Different algorithms behave differently when divided up into parallel tasks; some are well-suited to it while others are not.,Yes; Algorithm is essential for Parallel Processing as it provides the necessary instructions to split the problem into parts and process them in parallel using multiple CPUs.,0.243215811965812,None
Yes; Encryption and Decryption of the messages are realized using Algorithms,Yes; Algorithms are necessary for cryptography as they provide the necessary mathematical foundations for encryption and decryption techniques,0.5530265748031497,None
Yes; Management of the Information relies on the correct and efficient retrieval of the Information,"Yes; Information retrieval is a necessary skill for information management as it provides the foundational understanding of how to access, organize, and analyze data.",0.33950617283950624,None
"Yes;Knowledge of databases is crucial in software engineering for efficient data storage and retrieval, application scalability, and building database-reliant applications.",Yes; Database knowledge is necessary for software engineering as it provides the foundation for understanding data structures and algorithms used in software engineering.,0.37875,https://www.quora.com/How-much-does-knowing-about-databases-help-with-programming-or-engineering
Yes; Data Mining involves clustering techniques which are realized using certain algorithms,Yes; Algorithms are necessary for data mining as they provide the tools to efficiently process and analyze large amounts of data.,0.3045634920634921,"https://www.quora.com/What-are-the-prerequisites-for-studying-data-mining#:~:text=Data%20mining%20has%20quite%20a,Machine%2Fdeep%20learning%20Algorithms"
Yes; System programming requires the usage of specific hardware components which corresponds to the microarchitecture of the system ,"Yes; microarchitecture provides knowledge of how instructions are turned into processor operations, which is essential for understanding how to optimize system programming",0.2728365384615385,"https://www.quora.com/What-are-the-prerequisites-for-studying-data-mining#:~:text=Data%20mining%20has%20quite%20a,Machine%2Fdeep%20learning%20Algorithms"
Yes; Vector calculus can be used in differential geometry and in the study of partial differential equations. Vector calculus is needed for the gradient and other operations,"Yes; Vector calculus provides the necessary tools to analyze the behavior of vectors and scalars in space, which is essential for understanding the solutions of differential equations involving vectors and scalars",0.3795918367346939,https://www.physicsforums.com/threads/is-calc-iii-needed-for-pdes.588283/
"Yes; You should already be familiar with Algebra and Geometry before learning Trigonometry. From Algebra, you should be comfortable with manipulating algebraic expressions and solving equations. From geometry, you should know about similar triangles, the Pythagorean theorem, and a few other things, but not a great deal.","Yes; Algebra is a prerequisite for Trigonometry because it provides the basic understanding of equations and graphing that is needed to understand the concepts of Trigonometry. Additionally, many of the problems in Trigonometry involve solving equations and graphing, which requires a strong understanding of Algebra. Lastly, many of the concepts in Trigonometry, such as solving for angles, involve using algebraic equations. Therefore, a strong understanding of Algebra is necessary to understand the concepts of Trigonometry.",0.2414693537534844,"https://www2.clarku.edu/faculty/djoyce/trig/who.html#:~:text=You%20should%20already%20be%20familiar,algebraic%20expressions%20and%20solving%20equations."
"Yes; Stochastic events depend on the outcomes of random variables, and one needs to model the expected outcomes using probability theory","Yes; Probability theory provides the mathematical framework for analyzing and modeling random events and processes, which are the basis of stochastic processes",0.3923000076846231,None
"Yes; while studying real analysis ahead of complex analysis may not be a strict prerequisite, it provides helpful foundational understanding of certain concepts. The main reason being that complex numbers, on which complex analysis is built, are in turn based on real numbers. Therefore, a familiarity with real numbers potentially helps a better understanding of complex analysis",Yes; Real analysis provides the necessary foundation and tools for understanding and working with complex numbers and functions,0.1240079365079365,https://www.quora.com/Is-real-analysis-an-absolute-prerequisite-to-learn-complex-analysis
Yes;Matrix operations are used frequently to make calculations in numerical analysis,"Yes; Matrix is a fundamental concept in numerical analysis as it is used to represent and manipulate numerical data, which is essential for solving numerical problems",0.43534482758620696,None
"Yes; As far as I know, the reason why Differential Equations are studied to some extent before you get into Fourier series is that Fourier series are used in understanding the heat equation and wave equation.","Yes; Ordinary Differential Equations are necessary to understand the behavior of functions which can then be used to analyze the Fourier Series. Fourier Series are used to represent a periodic function as an infinite sum of sines and cosines and ODEs provide the information needed to determine the coefficients of the series. ODEs also provide the information needed to determine the frequency and amplitude of the Fourier Series. Therefore, ODEs are a prerequisite for Fourier Series. ",0.33084260426196155,https://math.stackexchange.com/questions/1955506/do-i-need-to-study-ode-in-order-to-understand-fourier-series-and-fourier-transfo
"Yes;You should probably know and understand Fourier Transforms, since Wavelet Transforms are a concept derived from them. In order to understand Fourier Transforms you should be familiar with Real Analysis ","Yes; Real analysis is a prerequisite for Wavelet because it provides a foundation of mathematical principles and theories that are necessary to understand the concepts behind wavelet theory and their application. Real analysis provides an understanding of basic concepts such as Fourier transforms, linear algebra, and probability which are essential for understanding wavelet theory and their application. Additionally, real analysis provides a framework for understanding the mathematical foundations of wavelet theory and their application. Therefore, real analysis is a prerequisite for wavelet.",0.3689441787598945,https://stackoverflow.com/questions/1452444/prerequisites-for-understanding-wavelet-theory
"Yes; You should probably know and understand Fourier Transforms, since Wavelet Transforms are a concept derived from them","Yes; Fourier series is a prerequisite for Wavelet because it provides a mathematical foundation for understanding how signals can be represented in terms of basis functions, which are essential for developing wavelet algorithms. Fourier series provides a way of representing a signal as a linear combination of basis functions, which can then be used to reconstruct the signal.",0.2189429012345679,https://www.quora.com/What-level-of-math-does-one-need-in-order-to-fully-understand-a-Fourier-Transform
"Yes; A von Neumann algebra is an algebra of bounded linear operators on a Hilbert space which is a non-euclidian space. It involves vector operations such as projections, linear transformations.","Yes; Linear Algebra is a prerequisite for Von Neumann Algebra as it is essential for understanding the concepts related to linear transformations, vector spaces, and matrices, which form the basis of Von Neumann Algebra. Additionally, knowledge of linear algebra is essential for understanding the concepts of linear transformations, vector spaces, and matrices, which form the basis of Von Neumann Algebra. Lastly, understanding linear algebra is important for understanding the concepts of linear transformations, vector spaces, and matrices, which form the basis of Von Neumann Algebra. Therefore, Linear Algebra is a prerequisite for Von Neumann Al.",0.3951438572371814,None
"Yes;Statistics in Mathematics is based on the probability of the events. For instance one can assume a Gaussian Probability Function for the unknown population, and calculate mean and variance to make estimations on the population","Yes; Probability theory is a prerequisite for mathematical statistics because it provides the necessary mathematical framework for understanding and calculating the probability of certain events, which is essential for deriving valid statistical conclusions from data. Additionally, probability theory provides the tools for calculating the expected value and variance of data, which are essential for deriving valid statistical conclusions from data. Finally, probability theory provides the tools for calculating the expected value and variance of data, which are essential for deriving valid statistical conclusions from data.",0.3086637570805089,None
Yes; A differentiable or smooth manifold is by definition a topological space That is locally homeomorphic to R^n. Therefore in order to know differentiable mainfold one needs to know topological space.,"Yes; Probability theory is a prerequisite for mathematical statistics because it provides the necessary mathematical framework for understanding and calculating the probability of certain events, which is essential for deriving valid statistical conclusions from data. Additionally, probability theory provides the tools for calculating the expected value and variance of data, which are essential for deriving valid statistical conclusions from data. Finally, probability theory provides the tools for calculating the expected value and variance of data, which are essential for deriving valid statistical conclusions from data.",0.11989795918367346,https://www.quora.com/Are-differential-manifolds-topological-spaces
"Yes;a basic knowledge of calculus, ODE and linear algebra is sufficent and matrix operations are at the core of linear algebra therefore matrix is a prerequisite for finite element method.","Yes; Matrix in mathematics provides the necessary tools to solve the equations generated by the finite element method. These tools include linear algebra, matrix operations, and vector calculus. Without these tools, the finite element method would not be possible. Therefore, matrix mathematics is a prerequisite for the finite element method",0.49010989010989015,https://math.stackexchange.com/questions/447105/math-subjects-that-are-prerequisites-to-finite-element-method
"Yes;Complex analysis is a necessary prerequisite for studying the finite element method. It helps us understand how functions behave and analyze differential equations, which are fundamental in the finite element method","Yes; Complex analysis is a prerequisite for finite element method because it is used to understand the behavior of functions and to analyze the behavior of differential equations, both of which are essential for understanding and using the finite element method. Additionally, complex analysis provides tools for solving problems that arise in finite element method, such as interpolation and integration",0.6217273093447905,None
Yes;Most numerical methods for the approximation of integrals and derivatives of a given function f(x) are based on interpolation. Interpolation is based on numerical analysis and can be used for approximation,"Yes; Numerical analysis provides the tools and techniques necessary to approximate solutions to problems in approximation theory. These tools and techniques include numerical algorithms, approximation methods, and error analysis techniques, which are used to construct approximate solutions to problems. Thus, a basic understanding of numerical analysis is required for a deeper understanding of approximation theory.",0.30796189037186267,https://www.britannica.com/science/numerical-analysis/Approximation-theory
"Yes; Trigonometry is an important prerequisite for studying Analytic Geometry. It provides us with the necessary knowledge of triangles and their relationships, which is crucial when working with equations of lines and circles in Analytic Geometry. Trigonometry also equips us with the tools needed to solve for the coordinates of points, which is essential for working with these equations.","Yes; Trigonometry is a prerequisite for Analytic Geometry because it provides the necessary understanding of triangles and their relationships that is needed to work with the equations of lines and circles in Analytic Geometry. Trigonometry also provides the tools needed to solve for the coordinates of points, which is essential for working with the equations of lines and circles in Analytic Geometry. Lastly, trigonometry provides the necessary tools for solving for the lengths of sides and areas of shapes, which is essential for working with the equations of lines and circles in Analytic Geometry. Therefore, Trigonometry is a prerequisite for Analytic Geometry",0.5808217623432118,https://www.quora.com/Which-topics-out-of-algebra-geometry-trigonometry-and-analytic-geometry-do-I-have-to-know-in-order-to-learn-calculus-well
Yes; Fourier analysis grows from the study of Fourier series therefore one should be familiar with Fourier series to understand Fourier Analysis,"Yes; Fourier series is a prerequisite for Fourier analysis because it provides the mathematical foundation for understanding how signals can be represented in terms of basis functions, which are essential for Fourier analysis. Fourier series provides a way of representing a signal as a sum of sine and cosine terms, which can then be analyzed to determine the signal's frequency content and overall shape. This information can then be used to reconstruct the signal or analyze its properties in other ways. Fourier analysis builds on the concept of Fourier series and is a more advanced technique for analyzing signals",0.3565495207667732,None
Yes; In order to solve system of equations in linear programming one needs to be familiar with matrices as they are used to solve those equations,"Yes; Matrix in mathematics provides the foundational concepts needed to understand the principles behind linear programming, such as linear equations and matrices. Knowing how to work with these types of mathematical structures is essential for successfully completing a linear programming project",0.3694979734053901,None
"Yes; One can not solve PDE equations without knowing derivatives and integrals, and those concepts represent the Calculus topic therefore Calculus is needed to learn PDE ","Yes; Calculus is a prerequisite for Partial Differential Equations because it provides the necessary background knowledge of derivatives, integrals, and other mathematical concepts needed to solve PDEs. Additionally, many of the most popular PDEs solvers rely on the ability to quickly and accurately manipulate these mathematical tools in order to find solutions. Therefore, having a strong understanding of calculus is essential for working with PDEs.",0.37523971873002343,None
Yes; Abstract algebra reinforces logical thinking and can be helpful in logic when making proofs or deriving conclusions using assumptions,"Yes; Abstract algebra is a prerequisite for logic in mathematics because it provides the necessary algebraic structures and theory to be able to understand and apply mathematical logic. Abstract algebra provides the tools needed to understand logical statements, proofs, and arguments, which are essential for mathematical logic. Additionally, abstract algebra provides the tools needed to manipulate logical statements and proofs, which are essential for understanding and applying mathematical logic. Therefore, abstract algebra is a prerequisite for mathematical logic.",0.26762589928057556,None
"Yes; Fourier analysis has its most important applications in modeling and solving partial differential equations (PDEs) related to boundary and initial value problems of mechanics, heat flow,electrostatics, and other fields. Therefore PDE is a prerequisite for Fourier Analysis","Yes; Partial differential equations are necessary to understand the underlying mathematical models that are used in Fourier analysis. Fourier analysis is used to break down a function into its constituent parts and each part is represented by a partial differential equation. Therefore, a basic understanding of partial differential equations is necessary to understand Fourier analysis.",0.3329377637130802,None
Yes; part of the Calculus deals with area calculations under curves which can be pictured as geometric calculations for finding the area of the shapes therefore analytic geometry is a helpful prerequisite for Calculus,"Yes; Analytic geometry is a prerequisite for calculus because it provides the foundation for understanding the concepts of calculus, such as equations, functions, and graphing. Analytic geometry involves the use of calculus techniques to solve problems related to shapes and their properties, which is essential for understanding the calculus concepts of derivatives and integrals. Therefore, understanding analytic geometry is essential for successfully completing a calculus course.",0.3824168255986438,"https://math.stackexchange.com/questions/498966/how-is-algebra-and-geometry-related-to-calculus#:~:text=High%2DSchool%20and%20College%20Algebra,all%20crucial%20prerequisites%20to%20Calculus."
"Yes; In order to describe a pyhsical system such as the motion of the fluids, one needs to be able to use partial different equations","Yes; Partial differential equations are used to describe the behavior of physical systems and are necessary to understand the principles of analytical mechanics, which studies the motion of systems under the influence of forces. By understanding how to use partial differential equations, one can gain a better understanding of the principles of analytical mechanics.",0.483760526530946,None
Yes; a topology can be defined using a metric space therefore topology can be listed as a prerequisite if metric space deals with a general topology,"Yes; Topology is a prerequisite for Metric (mathematics) because it provides the necessary background knowledge of concepts such as open sets, neighborhoods, and continuity, which are essential for understanding the concept of a metric and its applications. Additionally, topology provides a framework for studying the properties of sets that are not necessarily continuous, which is not possible using only the tools of metric spaces. Therefore, a basic understanding of topology is essential for the study of metric spaces and their applications.",0.39663302994327926,None
"Yes;Abstract algebra provides concepts such as groups, rings, and fields, which are fundamental in advanced algebraic topics.","Yes; Abstract algebra is a prerequisite for algebraic number theory because it provides the necessary background knowledge of algebraic concepts such as groups, rings and fields, which are essential for understanding more advanced topics in algebraic number theory. Additionally, abstract algebra provides the tools needed to study the properties of algebraic objects such as ideals, fields and polynomials, which are fundamental to algebraic number theory. Therefore, a solid understanding of abstract algebra is essential for comprehending the more advanced topics in algebraic number theory.",0.5452192655625266,None
Yes;differential geometry studies the intrinsic geometric properties of differentiable manifolds such as smoothness therefore basic understanindg of differentiable manifolds is helpful to understand differential geometry ,"Yes; Differentiable manifolds provide the basic framework for differential geometry as they allow for the definition of concepts such as vector fields, curves, and surfaces in a smooth and consistent manner. Additionally, the concepts of differential geometry are applied to differentiable manifolds to study the properties of these objects in greater detail. Therefore, a basic understanding of differentiable manifolds is necessary for a thorough understanding of differential geometry.",0.5943152454780362,None
Yes; Random graphs define probability distribution on graphs and require Mathematics as prerequisite,"Yes; Mathematics is a prerequisite for Random graph because it provides the necessary tools and techniques to construct and analyze random graphs. These tools and techniques include graph theory, probability theory, and algorithms, which can be used to analyze and construct random graphs. Additionally, mathematics can be used to understand and analyze the properties of random graphs, such as their degree distribution and clustering, which are important for understanding the behavior of random graphs. Therefore, a basic understanding of mathematics is necessary for working with random graphs. ",0.3052341597796143,None
Yes; As the name suggests Natural language processing deals with natural language therefore it is a prerequisite,Yes; Natural language is a prerequisite for Natural language processing because it provides the basis for understanding how language is used and how it can be processed.,0.4957460732984293,None
"Yes; Unix is a type of an operating sytem and it is coded using system programming and system programming includes managing hardware, interfacing with devices, and writing device drivers  ","Yes; Unix is a prerequisite for System programming because it provides a platform for system programming tasks such as managing hardware, interfacing with devices, and writing device drivers. Unix also provides a set of tools and utilities that are necessary for system programming. Finally, Unix provides a set of APIs and libraries that can be used for system programming tasks. Therefore, having a good understanding of Unix is essential for system programming. END OF EXPLANATION   Yes; Unix is a prerequisite for System programming because it provides a platform for system programming tasks such as managing hardware, interfacing with devices, and writing device drivers.",0.6119280567109966,None
Yes; Combinatorics counts the number of unordered possible orderings in a set therefore it is used in Random Graphs to determine the number of possible graphs under certain conditions ,Yes; Combinatorics is a prerequisite for Random Graph because it provides the necessary background knowledge for understanding the properties of graphs that are formed randomly.,0.3188131313131313,https://math.stackexchange.com/questions/1327777/prerequisites-for-random-graph-theory
Yes; Mathematical proof is essential for understanding and using mathematical induction because one can prove a mathematical assumption using induction technique,"Yes; Mathematical proof is a prerequisite for Mathematical induction because it provides the necessary understanding of mathematical concepts and principles necessary to use induction correctly and confidently. Mathematical proof also provides the logical reasoning and structure necessary to construct a valid mathematical induction proof. Finally, mathematical proof provides the tools and techniques necessary to prove and verify mathematical statements, which are essential for constructing a valid mathematical induction proof. Therefore, having a good understanding of mathematical proof is essential for successfully using mathematical induction. ",0.4939822332601012,None
"Yes; without Image processing, one can not apply computer vision algorithm which require processing pixels","Yes; Image processing is a prerequisite for computer vision because it involves the manipulation of digital images, which is essential for creating and manipulating the input data for computer vision algorithms. Image processing techniques can be used to enhance the quality of the input data, improving the accuracy of the computer vision algorithms. Additionally, image processing can be used to extract useful information from the input data, which can then be used for various computer vision applications. Finally, image processing can be used to convert the input data into a format that is compatible with the computer vision algorithms. Thus, image processing is a prerequisite for computer vision as it is essential for preparing.",0.28629402529695785,None
Yes; as the name implies database stores data so data is a prerequisite for databases,"Yes; Data is the foundation of a database and provides the necessary information for a database to be created and managed. Data is typically stored in a structured format and is organized in a specific manner to ensure its integrity and accuracy. Data is also essential for querying and manipulating a database, which are essential tasks for maintaining a database. Therefore, data is a prerequisite for a database in order to create, manage, and manipulate a database. ",0.4116847826086956,None
Yes; A programming language is needed to define and implement a program with known variable types.,"Yes; Programming language is a prerequisite for Type system because it provides the syntax and semantics necessary for defining and using types in a type system. Additionally, programming language syntax can be used to define type-checking rules for a type system. Finally, many type systems are implemented in programming languages and thus require knowledge of the language to understand and implement the type system",0.41523102747592544,None
Yes; Knowledge of a programming language is necessary to understand and use variables.,"Yes; Programming language is a prerequisite for Variable because variables are used to store data and manipulate it in different ways, which requires a programming language to be used. Additionally, programming language provides syntax and structure to create and manage variables. Therefore, having an understanding of programming language is necessary to understand the concept of variables.                                                    ",0.662878787878788,None
"Yes; Logical statements such as or,and,xor need to be translated into a programming langugage which requires knowledge of logic","Yes; Logic is a fundamental concept that is necessary for computer programming. Computer programming requires logical thinking in order to create a program that accurately performs the desired actions. Additionally, computer programming often involves using logical statements, such as if-then statements, to control the program's actions. Therefore, logic is a prerequisite for computer programming. END OF.",0.35751864939144096,None
Yes;Operating systems provide the foundation to support distributed computing.,"Yes; Operating systems provide the necessary infrastructure to support distributed computing, such as networking capabilities and access to shared resources. Additionally, many distributed computing frameworks and algorithms rely on the ability to interact with the operating system. Finally, many distributed computing applications, such as Hadoop, rely on the operating system for its core functionality. Therefore, operating systems are a prerequisite for distributed computing. ",0.5265189356098446,None
Yes; Computation is vital for generating random numbers needed in the Monte Carlo method. ,"Yes; Computation is necessary to generate the random numbers required for the Monte Carlo method. Without computation, it would be impossible to generate the required random numbers and perform the Monte Carlo method. Therefore, computation is a prerequisite for the Monte Carlo method. ",0.6404635619462243,None
Yes; Lexical analysis requires formal grammar for the analysis of words and meanings.,"Yes; Formal grammar is a prerequisite for Lexical analysis because it provides the necessary structure and rules for the analysis of words and their meanings in a given context. Lexical analysis requires the identification of words and their parts of speech, as well as the identification of any relationships between them. Formal grammar provides the tools for identifying and classifying these linguistic elements. Therefore, Formal grammar is a prerequisite for Lexical analysis ",0.523943661971831,None
Yes; Knowledge of Mathematics is required for  creating and analyzing algorithms.,"Yes; Mathematics is a prerequisite for Algorithm because it provides the necessary foundations for understanding the principles of data structures and algorithms, which are essential for creating effective algorithms. Mathematics also provides the tools for analyzing and optimizing algorithms, which is essential for creating efficient algorithms. Lastly, mathematics provides the necessary understanding of mathematical data structures, which are essential for creating reliable algorithms. Therefore, a basic understanding of mathematics is required for creating effective algorithms",0.5597014925373135,None
Yes;  Algebra provides the necessary mathematical derivations to understand probability theory.,"Yes; Algebra is a prerequisite for Probability theory because it provides the necessary mathematical formulas to calculate probabilities and make informed decisions. Algebra also helps to understand the structure and relationships of probability distributions and models. Moreover, algebraic manipulations are often required to solve problems in probability theory. Therefore, a basic understanding of algebra is necessary for a deeper understanding of probability theory. ",0.5009920634920636,None
Yes; System programming is a specialized version of computer programming therefore computer programming is a prerequisite.,"Yes; Computer programming is a prerequisite for System programming because it provides the necessary knowledge and skills to create and maintain system programs. It also helps to understand the underlying principles of how systems work, which is essential for system programming. Lastly, it provides the ability to write and test programs, which is essential for maintaining a system. Therefore, having a basic understanding of computer programming is essential for being able to successfully undertake system programming.",0.3808989119433198,None
Yes; Computers use Graphical User Interface as a bridge between the user and the machine.,"Yes; Computer is a prerequisite for Graphical User Interface because computers provide the hardware and software needed to create and run a GUI. The computer provides the display, input devices, and operating system needed to create and interact with a GUI. Additionally, the computer provides the programming language and libraries needed to create the code needed to create and run a GUI. Finally, the computer provides the tools needed to design and test a GUI. Therefore, the computer is a prerequisite for Graphical User Interface because it provides the essential hardware, software, and programming needed to create and run a GUI.",0.27634727424053274,None
Yes; Geometry provides the essential knowledge for creating computer graphics such as working with lines objects shapes etc.,"Yes; Geometry is a prerequisite for computer graphics because it involves the understanding of shapes, angles, and curves which are essential for creating realistic computer graphics. Geometry also helps in understanding the principles of perspective, which is essential for creating 3D computer graphics. Lastly, geometry provides the knowledge of how to calculate the area and perimeter of shapes, which is essential for creating accurate 2D computer graphics. Overall, geometry provides the fundamental knowledge needed for creating computer graphics and is therefore a prerequisite for computer graphics",0.41481810115350487,None
Yes; Relational databases are also part of a DBMS which is a software and requires computer programming,"Yes; Computer programming is a prerequisite for Relational Database because it provides the necessary knowledge and skills to create and manage databases using a programming language. Additionally, many relational databases are built using a programming language, so having programming knowledge is essential for working with relational databases. Finally, computer programming is often required for developing applications that use relational databases. Therefore, having programming knowledge is a prerequisite for working with relational databases",0.39127066115702475,None
Software design is necessary for developing a software program that is also easily maintained after its launch.,"Yes; Software design is a prerequisite for software development because it provides a blueprint for how the software will be built and ensures that the software will function as intended. Additionally, software design helps to ensure that the software is built efficiently and with the proper security measures in place. Without a proper software design, software development can become chaotic and lead to issues such as bugs and security breaches. With a proper software design in place, software development can be a much smoother process and lead to a higher quality end product. Therefore, software design is a prerequisite for software development.",0.25064848887012126,None
Computational geometry is necessary for creating geometric models.,"Yes; Computational geometry is a prerequisite for geometric modeling because it focuses on the mathematics and algorithms behind geometric problems, which are necessary for creating a geometric model. Without an understanding of computational geometry, it would be impossible to create a geometric model.",0.6670494784189875,None
Data provides the base upon which statistical inferences are drawn.,"Yes; Data is a prerequisite for statistical inference because it provides the basis for making decisions and drawing conclusions from a set of observations. Data is needed to formulate hypotheses, estimate parameters, and perform inference tests. Without data, there is no way to make any inference or draw any conclusions. Therefore, data is a prerequisite for statistical inference.",0.3078982597054886,None
Arithmetic Logic Unit itself is a digital circuit that performs certain logical actions therefore it is a prerequisite for digital electronics,"Yes; Digital electronics is a prerequisite for Arithmetic Logic Unit because it provides the necessary knowledge of digital circuits and logic gates needed to understand how an Arithmetic Logic Unit is constructed and how it operates. Additionally, knowledge of digital electronics is necessary for understanding how the Arithmetic Logic Unit's inputs are processed and how the results are output. Finally, knowledge of digital electronics is required for understanding how the Arithmetic Logic Unit's internal logic is designed and how it is implemented. Therefore, a prerequisite understanding of digital electronics is necessary for comprehending the operation of an Arithmetic Logic Unit",0.44291818582940484,None
Yes;Artificial intelligence is a prerequisite for data mining because it provides the necessary tools and algorithms to analyze and interpret data more effectively.,Yes; Artificial intelligence offers tools and algorithms required for data mining.,0.35968815873122095,None
"Yes;Algorithm design is a prerequisite for Divide and Conquer algorithm because it involves creating a plan or algorithm to solve a problem, which is necessary for the Divide and Conquer algorithm to work efficiently.",Yes;Algorithm design is necessary for the effective application of the Divide and Conquer algorithm.,0.34431606533599246,None
Yes;Computer is a prerequisite for Unix because Unix is an operating system that requires a computer to run.,Yes;Unix operating system requires a computer to run.,0.5367768595041322,None
"Yes;Robot is a prerequisite for Robotics because it is the physical embodiment of a robot, which is needed to perform robotics tasks.",Yes;A robot is required to perform robotics tasks.,0.39510204081632655,None
"Yes;Mathematics is a prerequisite for computer security because it provides the necessary background knowledge to understand the underlying principles of computer security, such as cryptography, access control, and network security.","Yes;Mathematics provides an understanding of concepts like cryptography, necessary in computer security.",0.2784926470588235,None
Yes;Shared memory is a prerequisite for Cache Coherence because it provides a fast and efficient way to share data between different processors or cores within a system.,"Yes;Shared memory helps in maintaining cache coherence therefore it is a prerequisite. Multiple caches may possess different copies of the same memory block, this creates cache coherence problem and shared memory can solve this problem.",0.34208360763660306,None
Yes;Finite-state machines are a type of parser that is used to recognize a particular type of language.,Yes;Finite-state machines are a type of parser for recognizing languages.,0.582901554404145,None
"Yes;Database is a prerequisite for Relational Model because it provides the infrastructure necessary to store and manage data in a structured manner, which is essential for implementing the relational model.","Yes;Some Databases are built in a way to support relational model. Therefore one needs to know what a database is, in order to use the relational model on it.",0.38820476287400774,None
Yes;Computer programming is a prerequisite for Bioinformatics because it provides a fundamental understanding of.,Yes;Computer programming is required for Bioinformatics.,0.4808063271604939,None
"Yes;Mathematics is a prerequisite for Algebra because it provides the basic understanding of mathematical concepts such as equations, functions, and vectors that are needed to understand Algebra.","Yes;Since Mathematics include Algebra, it can also be said that knowing Mathematics help to understand Algebra",0.2893907987186044,None
Yes;Computer science provides the fundamental knowledge needed to understand the underlying principles of computer networks and how they are designed and implemented.,Yes;Understanding of computer science principles is necessary for managing and maintaining computer networks.,0.36864305064984043,None
Yes;Iterative methods are a type of algorithm that is used to solve a problem by breaking it down into smaller parts and solving each part iteratively.,Yes;Algorithmic understanding is necessary for iterative methods.,0.211235785827246,None
Yes;Threads are a type of process that can be executed simultaneously by a multi-core processor.,Yes;Knowledge of threads is necessary for understanding multi-core processor operations.,0.36071428571428577,None
Yes;Computer programming is a prerequisite for software engineering because it provides the fundamental understanding of how software is created and how computers communicate with each other.,Yes;Knowledge of computer programming is the core of software engineering.,0.27153284671532846,None
Yes;Computer is a prerequisite for Control Flow because it provides the necessary hardware and software to create and execute programs that control the flow of data.,Yes;Computers are essential for executing Control Flow in programming.,0.2521141410030299,None
Yes;Algorithm is a prerequisite for Monte Carlo method because it is used to create a mathematical model that can be used to simulate a system or problem and provide accurate results.,Yes;Algorithms are integral to the Monte Carlo method's ability to yield accurate results.,0.34829721362229105,None
Yes;Interactivity is a prerequisite for Human-computer interaction because it allows for a more natural and engaging interaction between the user and the computer.,Yes;Interactivity is essential for effective human-computer interaction.,0.2878457991803278,None
"Yes;Computer science provides the foundational knowledge needed to understand the principles of programming paradigm, such as algorithms and data structures.",Yes;Principles of computer science are fundamental to understand programming paradigms.,0.4413728391497348,None
"Yes;Computer science provides the foundational knowledge needed to understand the principles of computer graphics, such as algorithms and data structures.",Yes;Computer science underpins the principles of computer graphics.,0.4345814977973569,None
Yes;Computer science provides the necessary background knowledge to understand the algorithms and data structures used in computational geometry.,Yes;Knowledge of algorithms and data structures in computer science is necessary for understanding computational geometry.,0.6696725711218465,None
Yes;Algorithms are necessary for creating geometric models as they provide a step-by-step process for creating a model.,Yes;Algorithms provide a structured method for creating geometric models.,0.46458333333333335,None
Yes;Geometry is a prerequisite for computer vision because it is essential in understanding the principles of spatial relationships and transformations.,Yes;Understanding of geometry is crucial for computer vision algorithms.,0.37831050228310503,None
Yes;Matrix mathematics is a prerequisite for geometry because it provides a more in-depth understanding of the concepts of geometry.,Yes;Use of matrix mathematics in geometry helps in complex calculations.,0.27130283392978044,None
Yes;Computer graphics provides the fundamental knowledge and skills necessary to create visualizations.,Yes;Computer graphics knowledge and skills are essential for data visualization.,0.5968468468468469,None
Yes;Logic is a prerequisite for Algorithm because algorithms can be used to solve problems that require logical reasoning.,Yes;Logic forms the base for algorithm creation.,0.2826633165829145,None
Yes;Algorithms are important for Dynamic Programming because they help define the process for a problem to be solved in a precise manner.,Yes; Algorithm is a prerequisite for Dynamic Programming as it provides the necessary steps to solve a problem in a structured manner which is essential for Dynamic Programming. Algorithms provide a clear step-by-step process which can be used to solve a problem repeatedly or dynamically. This allows for efficient problem-solving as the steps can be memorized or written down and reused. ,0.4410919540229885,None
Yes;social networks can be represented by graph data structure. For instance nodes can be the users and the edges among them can represent their relation such as friendship.,"Yes; Graph theory is a prerequisite for social network because it provides a framework for understanding the connections between different entities, which is essential for creating and managing social networks. Graph theory can be used to analyze the structure and dynamics of social networks, which helps in managing them more effectively. Additionally, graph theory can be used to identify key influencers, detect malicious activity, and optimize the network.",0.30577807271176,None
